Admin,Tran,Van,Tuan,admin,123
Faculty,Tran,Tien,Cong,cong,123
Faculty,Tran,Dinh,Que,que,123
Faculty,Nguyen,Manh,Ninh,ninh,123
Faculty,Nguyen,Thuy,Quynh,quynh,123
Student,Tran,Duc,Quan,quan,123
Student,Duong,Tuan,Nam,nam,123
Student,Tong,Viet,Hoang,hoang,123
Student,Nguyen,Viet,Hung,hung,123
Student,Nguyen,Anh,Tu,tu,123
Student,Nguyen,Dinh,Nam,nam,123
Student,Tran,Quang,Hieu,hieu,123
